{"loss": [NaN], "mean_absolute_error": [NaN], "mean_q": [NaN], "mean_eps": [NaN], "episode_reward": [-149.2121225203525], "nb_episode_steps": [46], "nb_steps": [46], "episode": [0], "duration": [50.35839600809072], "Final_Y": [-5.250061511993408], "Final_X": [-5.6137590408325195]}