{"loss": [NaN, 46.85091611107842, 37.36953323594359, 23.88087763947745], "mean_absolute_error": [NaN, 2.0719731645505934, 2.259119807287704, 2.2546285800635815], "mean_q": [NaN, -0.6552958910460355, -0.8547254170096198, -0.6138049011739591], "mean_eps": [NaN, 0.998542, 0.9976059999999999, 0.9963549999999995], "episode_reward": [-147.96143978248045, -163.35419430254316, -122.97454850442011, -196.44429472833457], "nb_episode_steps": [46, 66, 43, 96], "nb_steps": [46, 112, 155, 251], "episode": [0, 1, 2, 3], "duration": [52.57552590706111, 75.00554948015412, 50.26007202337371, 105.9014649531324], "Final_Y": [-5.370014667510986, -5.870385646820068, 16.21445083618164, 7.258631706237793], "Final_X": [-6.318648338317871, -31.026708602905273, -16.080373764038086, 20.644657135009766]}