{"loss": [NaN], "mean_absolute_error": [NaN], "mean_q": [NaN], "mean_eps": [NaN], "episode_reward": [-105.76892341492137], "nb_episode_steps": [7], "nb_steps": [7], "episode": [0], "duration": [12.553477337831282], "Final_Y": [-0.5227651000022888], "Final_X": [-2.273606538772583]}